{"mean_reward": 221.0870543356259, "std_reward": 18.83620961101149, "is_deterministic": true, "n_eval_episodes": 10, "eval_datetime": "2023-04-01T15:38:23.330936"}